NCAA,ESPN,ESPN_PBP,conference,network_col
A&M-Corpus Chris,Texas A&M-CC,Texas A&M-CC,Southland,skyblue
Abilene Christian,Abil Christian,Abilene Christian,Southland,purple
Air Force,Air Force,Air Force,MWC,royalblue3
Akron,Akron,Akron,MAC,royalblue3
Alabama,Alabama,Alabama,SEC,firebrick3
Alabama A&M,Alabama A&M,Alabama A&M,SWAC,firebrick3
Alabama St.,Alabama State,Alabama State,SWAC,gold
Albany (NY),Albany,Albany,Am. East,purple
Alcorn,Alcorn State,Alcorn State,SWAC,purple
American,American U,American,Patriot,red
Appalachian St.,Appalachian St,Appalachian State,Sunbelt,white
Arizona,Arizona,Arizona,Pac 12,royalblue3
Arizona St.,Arizona State,Arizona State,Pac 12,gold
Ark.-Pine Bluff,AR-Pine Bluff,Arkansas-Pine Bluff,SWAC,gold
Arkansas,Arkansas,Arkansas,SEC,firebrick2
Arkansas St.,Arkansas State,Arkansas State,Sunbelt,red
Army West Point,Army,Army,Patriot,gold
Auburn,Auburn,Auburn,SEC,orange
Austin Peay,Austin Peay,Austin Peay,OVC,firebrick2
Ball St.,Ball State,Ball State,MAC,red
Baylor,Baylor,Baylor,Big 12,forestgreen
Belmont,Belmont,Belmont,OVC,royalblue3
Bethune-Cookman,Bethune-Cookman,Bethune-Cookman,MEAC,maroon
Binghamton,Binghamton,Binghamton,Am. East,forestgreen
Boise St.,Boise State,Boise State,MWC,orange
Boston College,Boston College,Boston College,ACC,firebrick3
Boston U.,Boston U,Boston University,Patriot,red
Bowling Green,Bowling Green,Bowling Green,MAC,brown
Bradley,Bradley,Bradley,MVC,firebrick2
Brown,Brown,Brown,Ivy,brown
Bryant,Bryant,Bryant,NEC,gold
Bucknell,Bucknell,Bucknell,Patriot,orange
Buffalo,Buffalo,Buffalo,MAC,blue
Butler,Butler,Butler,Big East,royalblue3
BYU,BYU,BYU,WCC,royalblue3
Cal Poly,Cal Poly,Cal Poly,Big West,gold
Cal St. Fullerton,CSU Fullerton,CS Fullerton,Big West,orange
California,Cal,California,Pac 12,royalblue3
Campbell,Campbell,Campbell,Big South,orange
Canisius,Canisius,Canisius,MAAC,gold
Central Ark.,Cent Arkansas,Central Arkansas,Southland,purple
Central Conn. St.,Cent Conn St,Central Connecticut,NEC,blue
Central Mich.,Cent Michigan,Central Michigan,MAC,maroon
Charleston So.,Charleston So,Charleston Southern,Big South,royalblue1
Charlotte,Charlotte,Charlotte,C-USA,forestgreen
Chattanooga,Chattanooga,Chattanooga,Southern,gold
Chicago St.,Chicago State,Chicago State,WAC,forestgreen
Cincinnati,Cincinnati,Cincinnati,AAC,red
Clemson,Clemson,Clemson,ACC,orange
Cleveland St.,Cleveland State,Cleveland State,Horizon,forestgreen
Coastal Caro.,C. Carolina,Coastal Carolina,Sunbelt,seagreen
Col. of Charleston,Charleston,Charleston,CAA,maroon
Colgate,Colgate,Colgate,Patriot,maroon
Colorado,Colorado,Colorado,Pac 12,gold
Colorado St.,Colorado State,Colorado State,MWC,forestgreen
Columbia,Columbia,Columbia,Ivy,skyblue
Coppin St.,Coppin State,Coppin State,MEAC,royalblue1
Cornell,Cornell,Cornell,Ivy,red
Creighton,Creighton,Creighton,Big East,skyblue
CSU Bakersfield,CSU Bakersfield,CSU Bakersfield,WAC,gold 
CSUN,CSU Northridge,CSU Northridge,Big West,red
Dartmouth,Dartmouth,Dartmouth,Ivy,forestgreen
Davidson,Davidson,Davidson,A-10,red
Dayton,Dayton,Dayton,A-10,red
Delaware,Delaware,Delaware,CAA,royalblue1
Delaware St.,Delaware State,Delaware State,MEAC,red
Denver,Denver,Denver,Summit,maroon
DePaul,DePaul,DePaul,Big East,royalblue3
Detroit Mercy,Detroit Mercy,Detroit Mercy,Horizon,royalblue1
Drake,Drake,Drake,MVC,royalblue3
Drexel,Drexel,Drexel,CAA,royalblue3
Duke,Duke,Duke,ACC,blue
Duquesne,Duquesne,Duquesne,A-10,royalblue3
East Carolina,ECU,East Carolina,AAC,purple
Eastern Ill.,E Illinois,Eastern Illinois,OVC,royalblue1
Eastern Ky.,E Kentucky,Eastern Kentucky,OVC,maroon
Eastern Mich.,E Michigan,Eastern Michigan,MAC,seagreen
Eastern Wash.,E Washington,Eastern Washington,Big Sky,maroon
Elon,Elon,Elon,CAA,maroon
ETSU,ETSU,East Tennessee State,Southern,gold
Evansville,Evansville,Evansville,MVC,purple
Fairfield,Fairfield,Fairfield,MAAC,red
Fairleigh Dickinson,Fair Dickinson,Fairleigh Dickinson,NEC,red
FGCU,FGCU,Florida Gulf Coast,A-Sun,seagreen
FIU,FIU,Florida Intl,C-USA,gold
Fla. Atlantic,FAU,Florida Atlantic,C-USA,maroon
Florida,Florida,Florida,SEC,orange
Florida A&M,Florida A&M,Florida A&M,MEAC,orange
Florida St.,Florida State,Florida State,ACC,firebrick3
Fordham,Fordham,Fordham,A-10,maroon
Fort Wayne,Fort Wayne,Fort Wayne,Summit,royalblue1
Fresno St.,Fresno State,Fresno State,MWC,red
Furman,Furman,Furman,Southern,purple
Ga. Southern,Ga Southern,Georgia Southern,Sunbelt,royalblue3
Gardner-Webb,Gardner-Webb,Gardner-Webb,Big South,red
George Mason,George Mason,George Mason,A-10,forestgreen
George Washington,G Washington,George Washington,A-10,grey
Georgetown,Georgetown,Georgetown,Big East,grey
Georgia,Georgia,Georgia,SEC,red
Georgia St.,Georgia State,Georgia State,Sunbelt,blue
Georgia Tech,Georgia Tech,Georgia Tech,ACC,gold
Gonzaga,Gonzaga,Gonzaga,WCC,royalblue3
Grambling,Grambling,Grambling,SWAC,gold
Grand Canyon,Grand Canyon,Grand Canyon,WAC,purple
Green Bay,Green Bay,Green Bay,Horizon,seagreen
Hampton,Hampton,Hampton,MEAC,blue
Hartford,Hartford,Hartford,Am. East,red
Harvard,Harvard,Harvard,Ivy,firebrick4
Hawaii,Hawai'i,Hawai'i,Big West,forestgreen
High Point,High Point,High Point,Big South,grey
Hofstra,Hofstra,Hofstra,CAA,blue
Holy Cross,Holy Cross,Holy Cross,Patriot,purple
Houston,Houston,Houston,AAC,red
Houston Baptist,Houston Baptist,Houston Baptist,Southland,royalblue2
Howard,Howard,Howard,MEAC,grey
Idaho,Idaho,Idaho,Big Sky,gold
Idaho St.,Idaho State,Idaho State,Big Sky,orange
Ill.-Chicago,UIC,UIC,Horizon,royalblue3
Illinois,Illinois,Illinois,Big 10,orange
Illinois St.,Illinois State,Illinois State,MVC,red
Incarnate Word,Incarnate Word,Incarnate Word,Southland,red
Indiana,Indiana,Indiana,Big 10,firebrick2
Indiana St.,Indiana State,Indiana State,MVC,royalblue1
Iona,Iona,Iona,MAAC,firebrick2
Iowa,Iowa,Iowa,Big 10,gold
Iowa St.,Iowa State,Iowa State,Big 12,maroon
IUPUI,IUPUI,IUPUI,Horizon,red
Jackson St.,Jackson State,Jackson State,SWAC,grey
Jacksonville,Jacksonville,Jacksonville,A-Sun,forestgreen
Jacksonville St.,Jacksonville St,Jacksonville State,OVC,red
James Madison,JMU,James Madison,CAA,purple
Kansas,Kansas,Kansas,Big 12,royalblue1
Kansas St.,Kansas State,Kansas State,Big 12,purple
Kennesaw St.,Kennesaw State,Kennesaw State,A-Sun,gold
Kent St.,Kent State,Kent State,MAC,gold
Kentucky,Kentucky,Kentucky,SEC,royalblue2
La Salle,La Salle,La Salle,A-10,royalblue3
La.-Monroe,UL Monroe,UL Monroe,Sunbelt,maroon
Lafayette,Lafayette,Lafayette,Patriot,maroon
Lamar University,Lamar,Lamar,Southland,red
Lehigh,Lehigh,Lehigh,Patriot,brown
Liberty,Liberty,Liberty,Big South,royalblue3
Lipscomb,Lipscomb,Lipscomb,A-Sun,purple
Little Rock,Little Rock,Little Rock,Sunbelt,maroon
LIU Brooklyn,LIU Brooklyn,LIU Brooklyn,NEC,gold
Long Beach St.,Long Beach St,Long Beach State,Big West,gold
Longwood,Longwood,Longwood,Big South,royalblue3
Louisiana,Louisiana,Louisiana,Sunbelt,red
Louisiana Tech,LA Tech,Louisiana Tech,C-USA,blue
Louisville,Louisville,Louisville,ACC,red
Loyola Chicago,Loyola-Chicago,Loyola-Chicago,MVC,maroon
Loyola Maryland,Loyola (MD),Loyola (MD),Patriot,forestgreen
Loyola Marymount,Loyola Mary,Loyola Marymount,WCC,maroon
LSU,LSU,LSU,SEC,purple
Maine,Maine,Maine,Am. East,skyblue
Manhattan,Manhattan,Manhattan,MAAC,forestgreen
Marist,Marist,Marist,MAAC,red
Marquette,Marquette,Marquette,Big East,gold
Marshall,Marshall,Marshall,C-USA,forestgreen
Maryland,Maryland,Maryland,Big 10,red
Massachusetts,UMass,Massachusetts,A-10,firebrick3
McNeese,McNeese,McNeese,Southland,blue
Memphis,Memphis,Memphis,AAC,royalblue2
Mercer,Mercer,Mercer,Southern,orange
Miami (FL),Miami,Miami,ACC,orange
Miami (OH),Miami (OH),Miami (OH),MAC,red
Michigan,Michigan,Michigan,Big 10,royalblue3
Michigan St.,Michigan State,Michigan State,Big 10,forestgreen
Middle Tenn.,Mid Tennessee,Middle Tennessee,C-USA,royalblue3
Milwaukee,Milwaukee,Milwaukee,Horizon,gold
Minnesota,Minnesota,Minnesota,Big 10,firebrick3
Mississippi St.,Miss St,Mississippi State,SEC,firebrick4
Mississippi Val.,Miss Valley St,Mississippi Valley State,SWAC,forestgreen
Missouri,Missouri,Missouri,SEC,gold
Missouri St.,Missouri State,Missouri State,MVC,maroon
Monmouth,Monmouth,Monmouth,MAAC,royalblue3
Montana,Montana,Montana,Big Sky,maroon
Montana St.,Montana State,Montana State,Big Sky,gold
Morehead St.,Morehead State,Morehead State,OVC,blue
Morgan St.,Morgan State,Morgan State,MEAC,grey
Mt. St. Mary's,Mt St Mary's,Mt. St. Mary's,NEC,grey
Murray St.,Murray State,Murray State,OVC,gold
N.C. A&T,NC A&T,North Carolina A&T,MEAC,gold
N.C. Central,NC Central,North Carolina Central,MEAC,skyblue
Navy,Navy,Navy,Patriot,gold
Nebraska,Nebraska,Nebraska,Big 10,red
Nevada,Nevada,Nevada,MWC,royalblue3
New Hampshire,UNH,New Hampshire,Am. East,grey
New Mexico,New Mexico,New Mexico,MWC,red
New Mexico St.,New Mexico St,New Mexica State,WAC,maroon
New Orleans,New Orleans,New Orleans,Southland,royalblue1
Niagara,Niagara,Niagara,MAAC,purple
Nicholls St.,Nicholls,Nicholls,Southland,red
NJIT,NJIT,NJIT,A-Sun,red
Norfolk St.,Norfolk State,Norfolk State,MEAC,forestgreen
North Carolina,UNC,North Carolina,ACC,skyblue
North Carolina St.,NC State,NC State,ACC,red
North Dakota,North Dakota,North Dakota,Big Sky,seagreen
North Dakota St.,North Dakota St,North Dakota St,Summit,forestgreen
North Florida,North Florida,North Florida,A-Sun,royalblue3
North Texas,North Texas,North Texas,C-USA,seagreen
Northeastern,Northeastern,Northeastern,CAA,red
Northern Ariz.,N Arizona,Northern Arizona,Big Sky,gold
Northern Colo.,N Colorado,Northern Colorado,Big Sky,gold 
Northern Ill.,N Illinois,Northen Illinois,MAC,red
Northern Ky.,N Kentucky,Northen Kentucky,Horizon,gold
Northwestern,Northwestern,Northwestern,Big 10,purple
Northwestern St.,Northwestern St,Northwestern State,Southland,purple
Notre Dame,Notre Dame,Notre Dame,ACC,gold
Oakland,Oakland,Oakland,Horizon,gold
Ohio,Ohio,Ohio,MAC,forestgreen
Ohio St.,OSU,Ohio State,Big 10,red
Oklahoma,Oklahoma,Oklahoma,Big 12,firebrick2
Oklahoma St.,Oklahoma State,Oklahoma State,Big 12,orange
Old Dominion,Old Dominion,Old Dominion,C-USA,royalblue3
Ole Miss,Ole Miss,Ole Miss,SEC,firebrick2
Omaha,Omaha,Omaha,Summit,red
Oral Roberts,Oral Roberts,Oral Roberts,Summit,gold
Oregon,Oregon,Oregon,Pac 12,forestgreen
Oregon St.,Oregon State,Oregon State,Pac 12,orange
Pacific,Pacific,Pacific,WCC,orange
Penn,Penn,Pennsylvania,Ivy,maroon
Penn St.,Penn State,Penn State,Big 10,royalblue3
Pepperdine,Pepperdine,Pepperdine,WCC,royalblue3
Pittsburgh,Pitt,Pittsburgh,ACC,gold
Portland,Portland,Portland,WCC,royalblue2
Portland St.,Portland State,Portland State,Big Sky,forestgreen
Prairie View,PV A&M,Prairie View A&M,SWAC,grey
Presbyterian,Presbyterian,Presbyterian College,Big South,blue
Princeton,Princeton,Princeton,Ivy,orange
Providence,Providence,Providence,Big East,white
Purdue,Purdue,Purdue,Big 10,gold
Quinnipiac,Quinnipiac,Quinnipiac,MAAC,gold
Radford,Radford,Radford,Big South,red
Rhode Island,URI,Rhode Island,A-10,skyblue
Rice,Rice,Rice,C-USA,royalblue3
Richmond,Richmond,Richmond,A-10,royalblue3
Rider,Rider,Rider,MAAC,maroon
Robert Morris,Robert Morris,Robert Morris,NEC,royalblue3
Rutgers,Rutgers,Rutgers,Big 10,red
Sacramento St.,Sacramento St,Sacramento State,Big Sky,forestgreen
Sacred Heart,Sacred Heart,Sacred Heart,NEC,red
Saint Francis (PA),St Francis (PA),St. Francis (PA),NEC,red
Saint Joseph's,Saint Joe's,Saint Joseph's,A-10,maroon
Saint Louis,Saint Louis,Saint Louis,A-10,blue
Saint Mary's (CA),Saint Mary's,Saint Mary's,WCC,royalblue3
Saint Peter's,St Peter's,Saint Peter's,MAAC,skyblue
Sam Houston St.,Sam Houston,Sam Houston State,Southland,orange
Samford,Samford,Samford,Southern,grey
San Diego,San Diego,San Diego,WCC,white
San Diego St.,San Diego State,San Diego State,MWC,red
San Francisco,San Francisco,San Francisco,WCC,forestgreen
San Jose St.,San Jose State,San Jose State,MWC,blue
Santa Clara,Santa Clara,Santa Clara,WCC,grey
Savannah St.,Savannah State,Savannah State,MEAC,purple
Seattle U,Seattle,Seattle,WAC,red
Seton Hall,Seton Hall,Seton Hall,Big East,blue
SFA,SF Austin,Stephen F. Austin,Southland,purple
Siena,Siena,Siena,MAAC,seagreen
SIUE,SIU ED,SIU-Edwadsville,OVC,red
SMU,SMU,SMU,AAC,red
South Ala.,South Alabama,South Alabama,Sunbelt,white
South Carolina,South Carolina,South Carolina,SEC,maroon
South Carolina St.,S Carolina St,South Carolina State,MEAC,purple
South Dakota,South Dakota,South Dakota,Summit,red
South Dakota St.,South Dakota St,South Dakota State,Summit,blue
South Fla.,USF,South Florida,AAC,forestgreen
Southeast Mo. St.,SE Missouri St,Southeast Missouri,OVC,red
Southeastern La.,SE Louisiana,SE Louisiana,Southland,gold
Southern California,USC,USC,Pac 12,maroon
Southern Ill.,S Illinois,Southern Illinois,MVC,maroon
Southern Miss.,Southern Miss,Southern Miss,C-USA,gold
Southern U.,Southern,Southern,SWAC,royalblue1
Southern Utah,Southern Utah,Southern Utah,Big Sky,white
St. Bonaventure,St Bonaventure,St. Bonaventure,A-10,maroon
St. Francis Brooklyn,St Francis (BKN),St. Francis (BKN),NEC,red
St. John's (NY),St John's,St. John's,Big East,red
Stanford,Stanford,Stanford,Pac 12,firebrick2
Stetson,Stetson,Stetson,A-Sun,seagreen
Stony Brook,Stony Brook,Stony Brook,Am. East,red
Syracuse,Syracuse,Syracuse,ACC,orange
TCU,TCU,TCU,Big 12,purple
Temple,Temple,Temple,AAC,maroon
Tennessee,Tennessee,Tennessee,SEC,orange
Tennessee St.,Tennessee St,Tennessee St,OVC,orange
Tennessee Tech,Tenn Tech,Tennessee Tech,OVC,purple
Texas,Texas,Texas,Big 12,orange
Texas A&M,Texas A&M,Texas A&M,SEC,maroon
Texas Southern,Texas Southern,Texas Southern,SWAC,grey
Texas St.,Texas State,Texas State,Sunbelt,brown
Texas Tech,Texas Tech,Texas Tech,Big 12,red
The Citadel,The Citadel,The Citadel,Southern,skyblue
Toledo,Toledo,Toledo,MAC,royalblue3
Towson,Towson,Towson,CAA,gold
Troy,Troy,Troy,Sunbelt,maroon
Tulane,Tulane,Tulane,AAC,seagreen
Tulsa,Tulsa,Tulsa,AAC,blue
UAB,UAB,UAB,C-USA,forestgreen
UC Davis,UC Davis,UC Davis,Big West,gold
UC Irvine,UC Irvine,UC Irvine,Big West,gold
UC Riverside,UC Riverside,UC Riverside,Big West,grey
UC Santa Barbara,UCSB,UC Santa Barbara,Big West,royalblue3
UCF,UCF,UCF,AAC,gold
UCLA,UCLA,UCLA,Pac 12,skyblue
UConn,UConn,Connecticut,AAC,royalblue3
UMass Lowell,UMass Lowell,UMass Lowell,Am. East,royalblue1
UMBC,UMBC,UMBC,Am. East,gold
UMES,MD-E Shore,Maryland-Eastern Shore,MEAC,maroon
UMKC,UMKC,UMKC,WAC,gold
UNC Asheville,UNC Asheville,UNC Asheville,Big South,seagreen
UNCG,UNCG,UNCG,Southern,grey
UNCW,UNC Wilmington,UNC Wilmington,CAA,seagreen
UNI,Northern Iowa,Northern Iowa,MVC,purple
UNLV,UNLV,UNLV,MWC,red
USC Upstate,USC Upstate,South Carolina Upstate,A-Sun,forestgreen
UT Arlington,UT Arlington,UT Arlington,Sunbelt,orange
UT Martin,UT Martin,UT Martin,OVC,orange
Utah,Utah,Utah,Pac 12,red
Utah St.,Utah State,Utah State,MWC,royalblue1
Utah Valley,Utah Valley,Utah Valley,WAC,forestgreen
UTEP,UTEP,UTEP,C-USA,orange
UTRGV,UT Rio Grande,UT Rio Grande Valley,WAC,orange
UTSA,UTSA,UT San Antonio,C-USA,orange
Valparaiso,Valparaiso,Valparaiso,MVC,gold
Vanderbilt,Vanderbilt,Vanderbilt,SEC,gold
VCU,VCU,VCU,A-10,gold
Vermont,Vermont,Vermont,Am. East,forestgreen
Villanova,Villanova,Villanova,Big East,royalblue3
Virginia,UVA,Virginia,ACC,orange
Virginia Tech,Virginia Tech,Virginia Tech,ACC,maroon
VMI,VMI,VMI,Southern,red
Wagner,Wagner,Wagner,NEC,forestgreen
Wake Forest,Wake Forest,Wake Forest,ACC,gold
Washington,Washington,Washington,Pac 12,purple
Washington St.,Washington St,Washington State,Pac 12,firebrick2
Weber St.,Weber State,Weber State,Big Sky,purple
West Virginia,West Virginia,West Virginia,Big 12,gold
Western Caro.,W Carolina,Western Carolina,Southern,purple
Western Ill.,W Illinois,Western Illinois,Summit,gold
Western Ky.,W Kentucky,Western Kentucky,C-USA,red
Western Mich.,W Michigan,Western Michigan,MAC,gold
Wichita St.,Wichita State,Wichita State,AAC,gold
William & Mary,William & Mary,William & Mary,CAA,forestgreen
Winthrop,Winthrop,Winthrop,Big South,red
Wisconsin,Wisconsin,Wisconsin,Big 10,red
Wofford,Wofford,Wofford,Southern,gold
Wright St.,Wright State,Wright State,Horizon,forestgreen
Wyoming,Wyoming,Wyoming,MWC,brown
Xavier,Xavier,Xavier,Big East,royalblue3
Yale,Yale,Yale,Ivy,royalblue3
Youngstown St.,Youngstown St,Youngstown State,Horizon,red